[
  {
    "UserName": "user01@metro2036.com",
    "StationId": "10"
  },
  {
    "UserName": "user02@metro2036.com",
    "StationId": "09"
  },
  {
    "UserName": "user02@metro2036.com",
    "StationId": "08"
  },
  {
    "UserName": "user01@metro2036.com",
    "StationId": "07"
  },
  {
    "UserName": "user03@metro2036.com",
    "StationId": "06"
  },
  {
    "UserName": "user04@metro2036.com",
    "StationId": "05"
  },
  {
    "UserName": "user05@metro2036.com",
    "StationId": "04"
  },
  {
    "UserName": "user03@metro2036.com",
    "StationId": "03"
  },
  {
    "UserName": "user02@metro2036.com",
    "StationId": "02"
  },
  {
    "UserName": "user01@metro2036.com",
    "StationId": "01"
  }

]