[
  {
    "UserName": "user01@metro2036.com",
    "Email": "user01@metro2036.com",
    "TravelCardId": 30743408
  },
  {
    "UserName": "user02@metro2036.com",
    "Email": "user02@metro2036.com",
    "TravelCardId": 37790108
  },
  {
    "UserName": "user03@metro2036.com",
    "Email": "user03@metro2036.com",
    "TravelCardId": 96304658
  },
  {
    "UserName": "user04@metro2036.com",
    "Email": "user04@metro2036.com",
    "TravelCardId": 44508713
  },
  {
    "UserName": "user05@metro2036.com",
    "Email": "user05@metro2036.com",
    "TravelCardId": 91455271
  }
]