{
  "builders": [
    {
      "type": "virtualbox-iso",
      "boot_command": [
        "<tab> text ks=http://{{ .HTTPIP }}:{{ .HTTPPort }}/ks.cfg<enter><wait>"
      ],
      "boot_wait": "10s",
      "disk_size": 81920,
      "guest_os_type": "RedHat_64",
      "headless": true,
      "http_directory": "http",
      "iso_urls": [
        "CentOS-7-x86_64-Minimal-1804.iso",
        "http://centos.telecoms.bg/7.6.1810/isos/x86_64/CentOS-7-x86_64-Minimal-1810.iso"
      ],
      "iso_checksum_type": "sha256",
      "iso_checksum": "38d5d51d9d100fd73df031ffd6bd8b1297ce24660dc8c13a3b8b4534a4bd291c",
      "ssh_username": "vagrant",
      "ssh_password": "vagrant",
      "ssh_port": 22,
      "ssh_wait_timeout": "10000s",
      "shutdown_command": "echo 'vagrant'|sudo -S /sbin/halt -h -p",
      "guest_additions_path": "VBoxGuestAdditions_{{.Version}}.iso",
      "virtualbox_version_file": ".vbox_version",
      "vm_name": "packer-centos-7-x86_64",
      "vboxmanage": [
        [
          "modifyvm",
          "{{.Name}}",
          "--memory",
          "512"
        ],
        [
          "modifyvm",
          "{{.Name}}",
          "--cpus",
          "2"
        ]
      ]
    }
  ],
  "provisioners": [
    {
      "type": "shell",
      "execute_command": "echo 'vagrant' | {{.Vars}} sudo -S -E bash '{{.Path}}'",
      "script": "scripts/provision.sh"
    },
    {
      "type": "shell",
      "execute_command": "echo 'vagrant' | {{.Vars}} sudo -S -E bash '{{.Path}}'",
      "script": "scripts/cleanup.sh"
    }
  ],
  "post-processors": [
    [
      {
        "output": "builds/{{.Provider}}-centos7.box",
        "type": "vagrant"
      }
    ]
  ]
}
