<?xml version='1.0' encoding='UTF-8'?>
<users>
	<user firstName="Eugene" lastName="Stewart" age="65"/>
	<user firstName="Fred" lastName="Allen" age="57"/>
	<user firstName="Clarence" lastName="Fowler" age="50"/>
	<user firstName="Betty" lastName="Lawson" age="38"/>
	<user firstName="Anna" lastName="Clark" age="41"/>
	<user firstName="Carl" lastName="Daniels" age="59"/>
	<user lastName="Lawson" age="19"/>
	<user lastName="Fox" age="68"/>
	<user firstName="Gary" lastName="Stevens"/>
	<user lastName="Mitchell" age="41"/>
	<user lastName="Bennett"/>
	<user firstName="Brenda" lastName="Howell" age="75"/>
	<user lastName="Schmidt" age="70"/>
	<user firstName="Brandon" lastName="Fuller" age="30"/>
	<user lastName="Moreno" age="37"/>
	<user lastName="Stewart" age="39"/>
	<user lastName="Peterson" age="72"/>
	<user firstName="Patrick" lastName="King"/>
	<user firstName="Rachel" lastName="Johnson" age="24"/>
	<user firstName="Sandra" lastName="Riley" age="74"/>
	<user firstName="Gloria" lastName="Alexander" age="61"/>
	<user lastName="Harrison" age="18"/>
	<user firstName="Nicole" lastName="Harris" age="43"/>
	<user firstName="Benjamin" lastName="Henry" age="63"/>
	<user firstName="Nicole" lastName="Martinez" age="28"/>
	<user lastName="Baker"/>
	<user firstName="Patricia" lastName="Cooper" age="72"/>
	<user lastName="Thompson" age="46"/>
	<user firstName="Ann" lastName="Stevens"/>
	<user firstName="Christina" lastName="Patterson" age="63"/>
	<user firstName="Sarah" lastName="Day" age="33"/>
	<user firstName="Jennifer" lastName="Riley"/>
	<user firstName="Jacqueline" lastName="Perez" age="25"/>
	<user firstName="Amanda" lastName="Frazier"/>
	<user firstName="Joshua" lastName="Murray" age="41"/>
	<user firstName="Jean" lastName="Henry"/>
	<user firstName="Diana" lastName="Harvey" age="46"/>
	<user firstName="Emily" lastName="Parker" age="41"/>
	<user firstName="Paula" lastName="Hill" age="74"/>
	<user firstName="Billy" lastName="Parker" age="68"/>
	<user firstName="Jeremy" lastName="Woods" age="20"/>
	<user firstName="Christine" lastName="Gomez" age="28"/>
	<user firstName="Jonathan" lastName="Rodriguez"/>
	<user firstName="Kathy" lastName="Gilbert" age="51"/>
	<user firstName="Fred" lastName="Barnes"/>
	<user firstName="Anna" lastName="Parker" age="56"/>
	<user firstName="Betty" lastName="Ward" age="70"/>
	<user firstName="Patricia" lastName="Fuller" age="36"/>
	<user firstName="Bonnie" lastName="Fox" age="18"/>
	<user firstName="Chris" lastName="Mitchell" age="59"/>
	<user lastName="Cunningham"/>
	<user firstName="Arthur" lastName="Reynolds" age="32"/>
	<user firstName="Thomas" lastName="Snyder" age="40"/>
	<user firstName="Marie" lastName="Williamson"/>
	<user firstName="Wanda" lastName="Harris" age="26"/>
	<user firstName="Doris" lastName="Cook" age="61"/>
</users>