[
  {
    "firstName": "Gloria",
    "lastName": "Alexander",
    "soldProducts": [
      {
        "name": "Care One Hemorrhoidal",
        "price": 932.18,
        "buyerFirstName": null,
        "buyerLastName": "Stewart"
      },
      {
        "name": "Care One Hemorrhoidal",
        "price": 932.18,
        "buyerFirstName": null,
        "buyerLastName": "Stewart"
      }
    ]
  },
  {
    "firstName": "Gloria",
    "lastName": "Alexander",
    "soldProducts": [
      {
        "name": "ISOPROPYL ALCOHOL",
        "price": 339.48,
        "buyerFirstName": "Brenda",
        "buyerLastName": "Howell"
      },
      {
        "name": "ISOPROPYL ALCOHOL",
        "price": 339.48,
        "buyerFirstName": "Brenda",
        "buyerLastName": "Howell"
      }
    ]
  },
  {
    "firstName": "Fred",
    "lastName": "Barnes",
    "soldProducts": [
      {
        "name": "Pollens - Trees, Birch Mix",
        "price": 1153.54,
        "buyerFirstName": "Wanda",
        "buyerLastName": "Harris"
      },
      {
        "name": "Pollens - Trees, Birch Mix",
        "price": 1153.54,
        "buyerFirstName": "Wanda",
        "buyerLastName": "Harris"
      }
    ]
  },
  {
    "firstName": "Fred",
    "lastName": "Barnes",
    "soldProducts": [
      {
        "name": "kirkland signature minoxidil",
        "price": 49.17,
        "buyerFirstName": "Sandra",
        "buyerLastName": "Riley"
      },
      {
        "name": "kirkland signature minoxidil",
        "price": 49.17,
        "buyerFirstName": "Sandra",
        "buyerLastName": "Riley"
      }
    ]
  },
  {
    "firstName": null,
    "lastName": "Bennett",
    "soldProducts": [
      {
        "name": "Glyburide",
        "price": 95.10,
        "buyerFirstName": "Jean",
        "buyerLastName": "Henry"
      },
      {
        "name": "Glyburide",
        "price": 95.10,
        "buyerFirstName": "Jean",
        "buyerLastName": "Henry"
      }
    ]
  },
  {
    "firstName": null,
    "lastName": "Bennett",
    "soldProducts": [
      {
        "name": "PRIMAXIN",
        "price": 686.66,
        "buyerFirstName": "Christina",
        "buyerLastName": "Patterson"
      },
      {
        "name": "PRIMAXIN",
        "price": 686.66,
        "buyerFirstName": "Christina",
        "buyerLastName": "Patterson"
      }
    ]
  },
  {
    "firstName": "Doris",
    "lastName": "Cook",
    "soldProducts": [
      {
        "name": "REYATAZ",
        "price": 41.97,
        "buyerFirstName": "Gary",
        "buyerLastName": "Stevens"
      }
    ]
  },
  {
    "firstName": "Patricia",
    "lastName": "Cooper",
    "soldProducts": [
      {
        "name": "Topex",
        "price": 1258.49,
        "buyerFirstName": "Bonnie",
        "buyerLastName": "Fox"
      }
    ]
  },
  {
    "firstName": null,
    "lastName": "Cunningham",
    "soldProducts": [
      {
        "name": "Imipramine Hydrochloride",
        "price": 648.69,
        "buyerFirstName": "Thomas",
        "buyerLastName": "Snyder"
      }
    ]
  },
  {
    "firstName": "Sarah",
    "lastName": "Day",
    "soldProducts": [
      {
        "name": "Fair Foundation SPF 15",
        "price": 1394.24,
        "buyerFirstName": "Jonathan",
        "buyerLastName": "Rodriguez"
      },
      {
        "name": "Fair Foundation SPF 15",
        "price": 1394.24,
        "buyerFirstName": "Jonathan",
        "buyerLastName": "Rodriguez"
      }
    ]
  },
  {
    "firstName": "Sarah",
    "lastName": "Day",
    "soldProducts": [
      {
        "name": "Metformin Hydrochloride",
        "price": 953.99,
        "buyerFirstName": "Clarence",
        "buyerLastName": "Fowler"
      },
      {
        "name": "Metformin Hydrochloride",
        "price": 953.99,
        "buyerFirstName": "Clarence",
        "buyerLastName": "Fowler"
      }
    ]
  },
  {
    "firstName": "Clarence",
    "lastName": "Fowler",
    "soldProducts": [
      {
        "name": "Ketorolac Tromethamine",
        "price": 608.18,
        "buyerFirstName": null,
        "buyerLastName": "Thompson"
      },
      {
        "name": "Ketorolac Tromethamine",
        "price": 608.18,
        "buyerFirstName": null,
        "buyerLastName": "Thompson"
      }
    ]
  },
  {
    "firstName": "Clarence",
    "lastName": "Fowler",
    "soldProducts": [
      {
        "name": "Smooth texture Orange flavor",
        "price": 976.65,
        "buyerFirstName": "Gloria",
        "buyerLastName": "Alexander"
      },
      {
        "name": "Smooth texture Orange flavor",
        "price": 976.65,
        "buyerFirstName": "Gloria",
        "buyerLastName": "Alexander"
      }
    ]
  },
  {
    "firstName": "Bonnie",
    "lastName": "Fox",
    "soldProducts": [
      {
        "name": "SUMATRIPTAN SUCCINATE",
        "price": 1265.94,
        "buyerFirstName": null,
        "buyerLastName": "Peterson"
      }
    ]
  },
  {
    "firstName": "Amanda",
    "lastName": "Frazier",
    "soldProducts": [
      {
        "name": "Ampicillin",
        "price": 674.63,
        "buyerFirstName": null,
        "buyerLastName": "Stewart"
      }
    ]
  },
  {
    "firstName": "Patricia",
    "lastName": "Fuller",
    "soldProducts": [
      {
        "name": "Yellow Jacket hymenoptera venom Venomil Diagnostic",
        "price": 23.58,
        "buyerFirstName": "Nicole",
        "buyerLastName": "Martinez"
      }
    ]
  },
  {
    "firstName": "Kathy",
    "lastName": "Gilbert",
    "soldProducts": [
      {
        "name": "Aspen",
        "price": 1046.46,
        "buyerFirstName": null,
        "buyerLastName": "Lawson"
      },
      {
        "name": "Aspen",
        "price": 1046.46,
        "buyerFirstName": null,
        "buyerLastName": "Lawson"
      },
      {
        "name": "Aspen",
        "price": 1046.46,
        "buyerFirstName": null,
        "buyerLastName": "Lawson"
      }
    ]
  },
  {
    "firstName": "Kathy",
    "lastName": "Gilbert",
    "soldProducts": [
      {
        "name": "Budpak Hemorrhoid Anesthetic",
        "price": 1499.29,
        "buyerFirstName": "Chris",
        "buyerLastName": "Mitchell"
      },
      {
        "name": "Budpak Hemorrhoid Anesthetic",
        "price": 1499.29,
        "buyerFirstName": "Chris",
        "buyerLastName": "Mitchell"
      },
      {
        "name": "Budpak Hemorrhoid Anesthetic",
        "price": 1499.29,
        "buyerFirstName": "Chris",
        "buyerLastName": "Mitchell"
      }
    ]
  },
  {
    "firstName": "Kathy",
    "lastName": "Gilbert",
    "soldProducts": [
      {
        "name": "Dawn Ultra Antibacterial Hand",
        "price": 969.86,
        "buyerFirstName": "Bonnie",
        "buyerLastName": "Fox"
      },
      {
        "name": "Dawn Ultra Antibacterial Hand",
        "price": 969.86,
        "buyerFirstName": "Bonnie",
        "buyerLastName": "Fox"
      },
      {
        "name": "Dawn Ultra Antibacterial Hand",
        "price": 969.86,
        "buyerFirstName": "Bonnie",
        "buyerLastName": "Fox"
      }
    ]
  },
  {
    "firstName": "Christine",
    "lastName": "Gomez",
    "soldProducts": [
      {
        "name": "Finasteride",
        "price": 1374.01,
        "buyerFirstName": "Christina",
        "buyerLastName": "Patterson"
      }
    ]
  },
  {
    "firstName": "Nicole",
    "lastName": "Harris",
    "soldProducts": [
      {
        "name": "ziprasidone hydrochloride",
        "price": 628.66,
        "buyerFirstName": "Anna",
        "buyerLastName": "Parker"
      },
      {
        "name": "ziprasidone hydrochloride",
        "price": 628.66,
        "buyerFirstName": "Anna",
        "buyerLastName": "Parker"
      },
      {
        "name": "ziprasidone hydrochloride",
        "price": 628.66,
        "buyerFirstName": "Anna",
        "buyerLastName": "Parker"
      },
      {
        "name": "ziprasidone hydrochloride",
        "price": 628.66,
        "buyerFirstName": "Anna",
        "buyerLastName": "Parker"
      }
    ]
  },
  {
    "firstName": "Nicole",
    "lastName": "Harris",
    "soldProducts": [
      {
        "name": "No7 Protect and Perfect Foundation Sunscreen Broad Spectrum SPF 15 Cool Ivory",
        "price": 616.19,
        "buyerFirstName": "Jean",
        "buyerLastName": "Henry"
      },
      {
        "name": "No7 Protect and Perfect Foundation Sunscreen Broad Spectrum SPF 15 Cool Ivory",
        "price": 616.19,
        "buyerFirstName": "Jean",
        "buyerLastName": "Henry"
      },
      {
        "name": "No7 Protect and Perfect Foundation Sunscreen Broad Spectrum SPF 15 Cool Ivory",
        "price": 616.19,
        "buyerFirstName": "Jean",
        "buyerLastName": "Henry"
      },
      {
        "name": "No7 Protect and Perfect Foundation Sunscreen Broad Spectrum SPF 15 Cool Ivory",
        "price": 616.19,
        "buyerFirstName": "Jean",
        "buyerLastName": "Henry"
      }
    ]
  },
  {
    "firstName": "Nicole",
    "lastName": "Harris",
    "soldProducts": [
      {
        "name": "MEDI-FIRST Non-Aspirin",
        "price": 1301.28,
        "buyerFirstName": null,
        "buyerLastName": "Mitchell"
      },
      {
        "name": "MEDI-FIRST Non-Aspirin",
        "price": 1301.28,
        "buyerFirstName": null,
        "buyerLastName": "Mitchell"
      },
      {
        "name": "MEDI-FIRST Non-Aspirin",
        "price": 1301.28,
        "buyerFirstName": null,
        "buyerLastName": "Mitchell"
      },
      {
        "name": "MEDI-FIRST Non-Aspirin",
        "price": 1301.28,
        "buyerFirstName": null,
        "buyerLastName": "Mitchell"
      }
    ]
  },
  {
    "firstName": "Nicole",
    "lastName": "Harris",
    "soldProducts": [
      {
        "name": "LV-FX",
        "price": 820.87,
        "buyerFirstName": null,
        "buyerLastName": "Cunningham"
      },
      {
        "name": "LV-FX",
        "price": 820.87,
        "buyerFirstName": null,
        "buyerLastName": "Cunningham"
      },
      {
        "name": "LV-FX",
        "price": 820.87,
        "buyerFirstName": null,
        "buyerLastName": "Cunningham"
      },
      {
        "name": "LV-FX",
        "price": 820.87,
        "buyerFirstName": null,
        "buyerLastName": "Cunningham"
      }
    ]
  },
  {
    "firstName": "Wanda",
    "lastName": "Harris",
    "soldProducts": [
      {
        "name": "MOIST MOISTURE SKIN TONER",
        "price": 152.43,
        "buyerFirstName": null,
        "buyerLastName": "Baker"
      },
      {
        "name": "MOIST MOISTURE SKIN TONER",
        "price": 152.43,
        "buyerFirstName": null,
        "buyerLastName": "Baker"
      }
    ]
  },
  {
    "firstName": "Wanda",
    "lastName": "Harris",
    "soldProducts": [
      {
        "name": "Dover Aminophen",
        "price": 192.07,
        "buyerFirstName": "Jeremy",
        "buyerLastName": "Woods"
      },
      {
        "name": "Dover Aminophen",
        "price": 192.07,
        "buyerFirstName": "Jeremy",
        "buyerLastName": "Woods"
      }
    ]
  },
  {
    "firstName": null,
    "lastName": "Harrison",
    "soldProducts": [
      {
        "name": "Nighttime Sleep Aid",
        "price": 1217.11,
        "buyerFirstName": "Betty",
        "buyerLastName": "Ward"
      },
      {
        "name": "Nighttime Sleep Aid",
        "price": 1217.11,
        "buyerFirstName": "Betty",
        "buyerLastName": "Ward"
      },
      {
        "name": "Nighttime Sleep Aid",
        "price": 1217.11,
        "buyerFirstName": "Betty",
        "buyerLastName": "Ward"
      }
    ]
  },
  {
    "firstName": null,
    "lastName": "Harrison",
    "soldProducts": [
      {
        "name": "Acid Reducer",
        "price": 1443.51,
        "buyerFirstName": "Brandon",
        "buyerLastName": "Fuller"
      },
      {
        "name": "Acid Reducer",
        "price": 1443.51,
        "buyerFirstName": "Brandon",
        "buyerLastName": "Fuller"
      },
      {
        "name": "Acid Reducer",
        "price": 1443.51,
        "buyerFirstName": "Brandon",
        "buyerLastName": "Fuller"
      }
    ]
  },
  {
    "firstName": null,
    "lastName": "Harrison",
    "soldProducts": [
      {
        "name": "Metaxalone",
        "price": 79.94,
        "buyerFirstName": "Wanda",
        "buyerLastName": "Harris"
      },
      {
        "name": "Metaxalone",
        "price": 79.94,
        "buyerFirstName": "Wanda",
        "buyerLastName": "Harris"
      },
      {
        "name": "Metaxalone",
        "price": 79.94,
        "buyerFirstName": "Wanda",
        "buyerLastName": "Harris"
      }
    ]
  },
  {
    "firstName": "Jean",
    "lastName": "Henry",
    "soldProducts": [
      {
        "name": "LANEIGE MYSTIC VEIL FOUNDATION",
        "price": 20.86,
        "buyerFirstName": "Nicole",
        "buyerLastName": "Harris"
      }
    ]
  },
  {
    "firstName": "Brenda",
    "lastName": "Howell",
    "soldProducts": [
      {
        "name": "Topiramate",
        "price": 578.77,
        "buyerFirstName": "Rachel",
        "buyerLastName": "Johnson"
      }
    ]
  },
  {
    "firstName": "Rachel",
    "lastName": "Johnson",
    "soldProducts": [
      {
        "name": "ENBREL",
        "price": 673.97,
        "buyerFirstName": "Carl",
        "buyerLastName": "Daniels"
      },
      {
        "name": "ENBREL",
        "price": 673.97,
        "buyerFirstName": "Carl",
        "buyerLastName": "Daniels"
      }
    ]
  },
  {
    "firstName": "Rachel",
    "lastName": "Johnson",
    "soldProducts": [
      {
        "name": "NEO-POLY-BAC HYDRO",
        "price": 967.32,
        "buyerFirstName": "Emily",
        "buyerLastName": "Parker"
      },
      {
        "name": "NEO-POLY-BAC HYDRO",
        "price": 967.32,
        "buyerFirstName": "Emily",
        "buyerLastName": "Parker"
      }
    ]
  },
  {
    "firstName": null,
    "lastName": "Lawson",
    "soldProducts": [
      {
        "name": "CVS Therapeutic Menthol Pain Reliever",
        "price": 1033.42,
        "buyerFirstName": "Anna",
        "buyerLastName": "Parker"
      }
    ]
  },
  {
    "firstName": "Betty",
    "lastName": "Lawson",
    "soldProducts": [
      {
        "name": "CARBIDOPA AND LEVODOPA",
        "price": 441.64,
        "buyerFirstName": "Doris",
        "buyerLastName": "Cook"
      }
    ]
  },
  {
    "firstName": "Nicole",
    "lastName": "Martinez",
    "soldProducts": [
      {
        "name": "Extra Strength Pain Reliever PM",
        "price": 542.72,
        "buyerFirstName": "Doris",
        "buyerLastName": "Cook"
      },
      {
        "name": "Extra Strength Pain Reliever PM",
        "price": 542.72,
        "buyerFirstName": "Doris",
        "buyerLastName": "Cook"
      }
    ]
  },
  {
    "firstName": "Nicole",
    "lastName": "Martinez",
    "soldProducts": [
      {
        "name": "PLANTAGO LANCEOLATA POLLEN",
        "price": 561.68,
        "buyerFirstName": "Christine",
        "buyerLastName": "Gomez"
      },
      {
        "name": "PLANTAGO LANCEOLATA POLLEN",
        "price": 561.68,
        "buyerFirstName": "Christine",
        "buyerLastName": "Gomez"
      }
    ]
  },
  {
    "firstName": "Anna",
    "lastName": "Parker",
    "soldProducts": [
      {
        "name": "PAMO Kill Natural",
        "price": 1181.06,
        "buyerFirstName": "Thomas",
        "buyerLastName": "Snyder"
      },
      {
        "name": "PAMO Kill Natural",
        "price": 1181.06,
        "buyerFirstName": "Thomas",
        "buyerLastName": "Snyder"
      },
      {
        "name": "PAMO Kill Natural",
        "price": 1181.06,
        "buyerFirstName": "Thomas",
        "buyerLastName": "Snyder"
      }
    ]
  },
  {
    "firstName": "Anna",
    "lastName": "Parker",
    "soldProducts": [
      {
        "name": "Pioglitazone",
        "price": 306.56,
        "buyerFirstName": "Christina",
        "buyerLastName": "Patterson"
      },
      {
        "name": "Pioglitazone",
        "price": 306.56,
        "buyerFirstName": "Christina",
        "buyerLastName": "Patterson"
      },
      {
        "name": "Pioglitazone",
        "price": 306.56,
        "buyerFirstName": "Christina",
        "buyerLastName": "Patterson"
      }
    ]
  },
  {
    "firstName": "Anna",
    "lastName": "Parker",
    "soldProducts": [
      {
        "name": "Etoposide",
        "price": 1483.96,
        "buyerFirstName": "Arthur",
        "buyerLastName": "Reynolds"
      },
      {
        "name": "Etoposide",
        "price": 1483.96,
        "buyerFirstName": "Arthur",
        "buyerLastName": "Reynolds"
      },
      {
        "name": "Etoposide",
        "price": 1483.96,
        "buyerFirstName": "Arthur",
        "buyerLastName": "Reynolds"
      }
    ]
  },
  {
    "firstName": "Billy",
    "lastName": "Parker",
    "soldProducts": [
      {
        "name": "VITALUMIERE AQUA",
        "price": 1293.09,
        "buyerFirstName": "Paula",
        "buyerLastName": "Hill"
      },
      {
        "name": "VITALUMIERE AQUA",
        "price": 1293.09,
        "buyerFirstName": "Paula",
        "buyerLastName": "Hill"
      },
      {
        "name": "VITALUMIERE AQUA",
        "price": 1293.09,
        "buyerFirstName": "Paula",
        "buyerLastName": "Hill"
      }
    ]
  },
  {
    "firstName": "Billy",
    "lastName": "Parker",
    "soldProducts": [
      {
        "name": "up and up temporary minor arthritis pain relief",
        "price": 1085.78,
        "buyerFirstName": "Thomas",
        "buyerLastName": "Snyder"
      },
      {
        "name": "up and up temporary minor arthritis pain relief",
        "price": 1085.78,
        "buyerFirstName": "Thomas",
        "buyerLastName": "Snyder"
      },
      {
        "name": "up and up temporary minor arthritis pain relief",
        "price": 1085.78,
        "buyerFirstName": "Thomas",
        "buyerLastName": "Snyder"
      }
    ]
  },
  {
    "firstName": "Billy",
    "lastName": "Parker",
    "soldProducts": [
      {
        "name": "Spironolactone",
        "price": 933.69,
        "buyerFirstName": null,
        "buyerLastName": "Thompson"
      },
      {
        "name": "Spironolactone",
        "price": 933.69,
        "buyerFirstName": null,
        "buyerLastName": "Thompson"
      },
      {
        "name": "Spironolactone",
        "price": 933.69,
        "buyerFirstName": null,
        "buyerLastName": "Thompson"
      }
    ]
  },
  {
    "firstName": "Jacqueline",
    "lastName": "Perez",
    "soldProducts": [
      {
        "name": "Nevirapine",
        "price": 1374.72,
        "buyerFirstName": "Gloria",
        "buyerLastName": "Alexander"
      }
    ]
  },
  {
    "firstName": null,
    "lastName": "Peterson",
    "soldProducts": [
      {
        "name": "MEDICATED DANDRUFF",
        "price": 1351.02,
        "buyerFirstName": "Ann",
        "buyerLastName": "Stevens"
      }
    ]
  },
  {
    "firstName": "Arthur",
    "lastName": "Reynolds",
    "soldProducts": [
      {
        "name": "Head and Shoulders Conditioner",
        "price": 1099.59,
        "buyerFirstName": "Jennifer",
        "buyerLastName": "Riley"
      }
    ]
  },
  {
    "firstName": "Jennifer",
    "lastName": "Riley",
    "soldProducts": [
      {
        "name": "Trihexyphenidyl Hydrochloride",
        "price": 64.88,
        "buyerFirstName": null,
        "buyerLastName": "Stewart"
      },
      {
        "name": "Trihexyphenidyl Hydrochloride",
        "price": 64.88,
        "buyerFirstName": null,
        "buyerLastName": "Stewart"
      }
    ]
  },
  {
    "firstName": "Jennifer",
    "lastName": "Riley",
    "soldProducts": [
      {
        "name": "Glipizide and Metformin Hydrochloride",
        "price": 953.60,
        "buyerFirstName": "Jacqueline",
        "buyerLastName": "Perez"
      },
      {
        "name": "Glipizide and Metformin Hydrochloride",
        "price": 953.60,
        "buyerFirstName": "Jacqueline",
        "buyerLastName": "Perez"
      }
    ]
  },
  {
    "firstName": "Sandra",
    "lastName": "Riley",
    "soldProducts": [
      {
        "name": "Warfarin Sodium",
        "price": 1379.79,
        "buyerFirstName": "Patricia",
        "buyerLastName": "Cooper"
      }
    ]
  },
  {
    "firstName": "Jonathan",
    "lastName": "Rodriguez",
    "soldProducts": [
      {
        "name": "Allopurinol",
        "price": 336.81,
        "buyerFirstName": "Betty",
        "buyerLastName": "Ward"
      },
      {
        "name": "Allopurinol",
        "price": 336.81,
        "buyerFirstName": "Betty",
        "buyerLastName": "Ward"
      }
    ]
  },
  {
    "firstName": "Jonathan",
    "lastName": "Rodriguez",
    "soldProducts": [
      {
        "name": "AMARANTHUS PALMERI POLLEN",
        "price": 623.16,
        "buyerFirstName": "Nicole",
        "buyerLastName": "Harris"
      },
      {
        "name": "AMARANTHUS PALMERI POLLEN",
        "price": 623.16,
        "buyerFirstName": "Nicole",
        "buyerLastName": "Harris"
      }
    ]
  },
  {
    "firstName": null,
    "lastName": "Schmidt",
    "soldProducts": [
      {
        "name": "Ranitidine",
        "price": 926.64,
        "buyerFirstName": "Kathy",
        "buyerLastName": "Gilbert"
      },
      {
        "name": "Ranitidine",
        "price": 926.64,
        "buyerFirstName": "Kathy",
        "buyerLastName": "Gilbert"
      }
    ]
  },
  {
    "firstName": null,
    "lastName": "Schmidt",
    "soldProducts": [
      {
        "name": "Shopko Lip Treatment",
        "price": 861.42,
        "buyerFirstName": "Billy",
        "buyerLastName": "Parker"
      },
      {
        "name": "Shopko Lip Treatment",
        "price": 861.42,
        "buyerFirstName": "Billy",
        "buyerLastName": "Parker"
      }
    ]
  },
  {
    "firstName": "Thomas",
    "lastName": "Snyder",
    "soldProducts": [
      {
        "name": "Amitriptyline Hydrochloride",
        "price": 1453.96,
        "buyerFirstName": "Wanda",
        "buyerLastName": "Harris"
      }
    ]
  },
  {
    "firstName": "Ann",
    "lastName": "Stevens",
    "soldProducts": [
      {
        "name": "EMEND",
        "price": 1365.51,
        "buyerFirstName": "Bonnie",
        "buyerLastName": "Fox"
      }
    ]
  },
  {
    "firstName": "Gary",
    "lastName": "Stevens",
    "soldProducts": [
      {
        "name": "PCA SKIN ACNE",
        "price": 1356.22,
        "buyerFirstName": "Brandon",
        "buyerLastName": "Fuller"
      },
      {
        "name": "PCA SKIN ACNE",
        "price": 1356.22,
        "buyerFirstName": "Brandon",
        "buyerLastName": "Fuller"
      },
      {
        "name": "PCA SKIN ACNE",
        "price": 1356.22,
        "buyerFirstName": "Brandon",
        "buyerLastName": "Fuller"
      }
    ]
  },
  {
    "firstName": "Gary",
    "lastName": "Stevens",
    "soldProducts": [
      {
        "name": "Peter Island Continous sunscreen kids",
        "price": 471.30,
        "buyerFirstName": null,
        "buyerLastName": "Harrison"
      },
      {
        "name": "Peter Island Continous sunscreen kids",
        "price": 471.30,
        "buyerFirstName": null,
        "buyerLastName": "Harrison"
      },
      {
        "name": "Peter Island Continous sunscreen kids",
        "price": 471.30,
        "buyerFirstName": null,
        "buyerLastName": "Harrison"
      }
    ]
  },
  {
    "firstName": "Gary",
    "lastName": "Stevens",
    "soldProducts": [
      {
        "name": "equaline",
        "price": 520.45,
        "buyerFirstName": "Christine",
        "buyerLastName": "Gomez"
      },
      {
        "name": "equaline",
        "price": 520.45,
        "buyerFirstName": "Christine",
        "buyerLastName": "Gomez"
      },
      {
        "name": "equaline",
        "price": 520.45,
        "buyerFirstName": "Christine",
        "buyerLastName": "Gomez"
      }
    ]
  },
  {
    "firstName": null,
    "lastName": "Stewart",
    "soldProducts": [
      {
        "name": "Meloxicam",
        "price": 809.18,
        "buyerFirstName": null,
        "buyerLastName": "Moreno"
      }
    ]
  },
  {
    "firstName": null,
    "lastName": "Thompson",
    "soldProducts": [
      {
        "name": "IOPE SUPER VITAL",
        "price": 824.68,
        "buyerFirstName": "Jean",
        "buyerLastName": "Henry"
      },
      {
        "name": "IOPE SUPER VITAL",
        "price": 824.68,
        "buyerFirstName": "Jean",
        "buyerLastName": "Henry"
      },
      {
        "name": "IOPE SUPER VITAL",
        "price": 824.68,
        "buyerFirstName": "Jean",
        "buyerLastName": "Henry"
      }
    ]
  },
  {
    "firstName": null,
    "lastName": "Thompson",
    "soldProducts": [
      {
        "name": "CLARINS Ever Matte SPF 15 - 105 Nude",
        "price": 696.06,
        "buyerFirstName": "Carl",
        "buyerLastName": "Daniels"
      },
      {
        "name": "CLARINS Ever Matte SPF 15 - 105 Nude",
        "price": 696.06,
        "buyerFirstName": "Carl",
        "buyerLastName": "Daniels"
      },
      {
        "name": "CLARINS Ever Matte SPF 15 - 105 Nude",
        "price": 696.06,
        "buyerFirstName": "Carl",
        "buyerLastName": "Daniels"
      }
    ]
  },
  {
    "firstName": null,
    "lastName": "Thompson",
    "soldProducts": [
      {
        "name": "Topical 60 Sec Sodium Fluoride",
        "price": 1228.84,
        "buyerFirstName": "Gloria",
        "buyerLastName": "Alexander"
      },
      {
        "name": "Topical 60 Sec Sodium Fluoride",
        "price": 1228.84,
        "buyerFirstName": "Gloria",
        "buyerLastName": "Alexander"
      },
      {
        "name": "Topical 60 Sec Sodium Fluoride",
        "price": 1228.84,
        "buyerFirstName": "Gloria",
        "buyerLastName": "Alexander"
      }
    ]
  },
  {
    "firstName": "Betty",
    "lastName": "Ward",
    "soldProducts": [
      {
        "name": "Labetalol Hydrochloride",
        "price": 1345.11,
        "buyerFirstName": "Sandra",
        "buyerLastName": "Riley"
      }
    ]
  },
  {
    "firstName": "Marie",
    "lastName": "Williamson",
    "soldProducts": [
      {
        "name": "Leflunomide",
        "price": 312.85,
        "buyerFirstName": "Jean",
        "buyerLastName": "Henry"
      },
      {
        "name": "Leflunomide",
        "price": 312.85,
        "buyerFirstName": "Jean",
        "buyerLastName": "Henry"
      }
    ]
  },
  {
    "firstName": "Marie",
    "lastName": "Williamson",
    "soldProducts": [
      {
        "name": "Glipizide",
        "price": 621.78,
        "buyerFirstName": "Joshua",
        "buyerLastName": "Murray"
      },
      {
        "name": "Glipizide",
        "price": 621.78,
        "buyerFirstName": "Joshua",
        "buyerLastName": "Murray"
      }
    ]
  },
  {
    "firstName": "Jeremy",
    "lastName": "Woods",
    "soldProducts": [
      {
        "name": "ANXIETY/STRESS RELIEF",
        "price": 324.66,
        "buyerFirstName": "Chris",
        "buyerLastName": "Mitchell"
      },
      {
        "name": "ANXIETY/STRESS RELIEF",
        "price": 324.66,
        "buyerFirstName": "Chris",
        "buyerLastName": "Mitchell"
      }
    ]
  },
  {
    "firstName": "Jeremy",
    "lastName": "Woods",
    "soldProducts": [
      {
        "name": "Glycopyrrolate",
        "price": 1471.43,
        "buyerFirstName": null,
        "buyerLastName": "Fox"
      },
      {
        "name": "Glycopyrrolate",
        "price": 1471.43,
        "buyerFirstName": null,
        "buyerLastName": "Fox"
      }
    ]
  }
]