{
  "usersCount": 67,
  "users": [
    {
      "firstName": "Gloria",
      "lastName": "Alexander",
      "age": 61,
      "soldProducts": {
        "count": 2,
        "products": [
          {
            "name": "Care One Hemorrhoidal",
            "price": 932.18
          },
          {
            "name": "ISOPROPYL ALCOHOL",
            "price": 339.48
          }
        ]
      }
    },
    {
      "firstName": "Anna",
      "lastName": "Parker",
      "age": 56,
      "soldProducts": {
        "count": 3,
        "products": [
          {
            "name": "PAMO Kill Natural",
            "price": 1181.06
          },
          {
            "name": "Pioglitazone",
            "price": 306.56
          },
          {
            "name": "Etoposide",
            "price": 1483.96
          }
        ]
      }
    },
    {
      "firstName": "Kathy",
      "lastName": "Gilbert",
      "age": 51,
      "soldProducts": {
        "count": 3,
        "products": [
          {
            "name": "Aspen",
            "price": 1046.46
          },
          {
            "name": "Budpak Hemorrhoid Anesthetic",
            "price": 1499.29
          },
          {
            "name": "Dawn Ultra Antibacterial Hand",
            "price": 969.86
          }
        ]
      }
    },
    {
      "firstName": "Sarah",
      "lastName": "Day",
      "age": 33,
      "soldProducts": {
        "count": 2,
        "products": [
          {
            "name": "Fair Foundation SPF 15",
            "price": 1394.24
          },
          {
            "name": "Metformin Hydrochloride",
            "price": 953.99
          }
        ]
      }
    },
    {
      "firstName": null,
      "lastName": "Thompson",
      "age": 46,
      "soldProducts": {
        "count": 3,
        "products": [
          {
            "name": "IOPE SUPER VITAL",
            "price": 824.68
          },
          {
            "name": "CLARINS Ever Matte SPF 15 - 105 Nude",
            "price": 696.06
          },
          {
            "name": "Topical 60 Sec Sodium Fluoride",
            "price": 1228.84
          }
        ]
      }
    },
    {
      "firstName": "Betty",
      "lastName": "Ward",
      "age": 70,
      "soldProducts": {
        "count": 1,
        "products": [
          {
            "name": "Labetalol Hydrochloride",
            "price": 1345.11
          }
        ]
      }
    },
    {
      "firstName": "Nicole",
      "lastName": "Martinez",
      "age": 28,
      "soldProducts": {
        "count": 2,
        "products": [
          {
            "name": "Extra Strength Pain Reliever PM",
            "price": 542.72
          },
          {
            "name": "PLANTAGO LANCEOLATA POLLEN",
            "price": 561.68
          }
        ]
      }
    },
    {
      "firstName": "Bonnie",
      "lastName": "Fox",
      "age": 18,
      "soldProducts": {
        "count": 1,
        "products": [
          {
            "name": "SUMATRIPTAN SUCCINATE",
            "price": 1265.94
          }
        ]
      }
    },
    {
      "firstName": "Brenda",
      "lastName": "Howell",
      "age": 75,
      "soldProducts": {
        "count": 1,
        "products": [
          {
            "name": "Topiramate",
            "price": 578.77
          }
        ]
      }
    },
    {
      "firstName": null,
      "lastName": "Stewart",
      "age": 39,
      "soldProducts": {
        "count": 1,
        "products": [
          {
            "name": "Meloxicam",
            "price": 809.18
          }
        ]
      }
    },
    {
      "firstName": "Wanda",
      "lastName": "Harris",
      "age": 26,
      "soldProducts": {
        "count": 2,
        "products": [
          {
            "name": "MOIST MOISTURE SKIN TONER",
            "price": 152.43
          },
          {
            "name": "Dover Aminophen",
            "price": 192.07
          }
        ]
      }
    },
    {
      "firstName": null,
      "lastName": "Harrison",
      "age": 18,
      "soldProducts": {
        "count": 3,
        "products": [
          {
            "name": "Nighttime Sleep Aid",
            "price": 1217.11
          },
          {
            "name": "Acid Reducer",
            "price": 1443.51
          },
          {
            "name": "Metaxalone",
            "price": 79.94
          }
        ]
      }
    },
    {
      "firstName": "Rachel",
      "lastName": "Johnson",
      "age": 24,
      "soldProducts": {
        "count": 2,
        "products": [
          {
            "name": "ENBREL",
            "price": 673.97
          },
          {
            "name": "NEO-POLY-BAC HYDRO",
            "price": 967.32
          }
        ]
      }
    },
    {
      "firstName": "Jennifer",
      "lastName": "Riley",
      "age": null,
      "soldProducts": {
        "count": 2,
        "products": [
          {
            "name": "Trihexyphenidyl Hydrochloride",
            "price": 64.88
          },
          {
            "name": "Glipizide and Metformin Hydrochloride",
            "price": 953.60
          }
        ]
      }
    },
    {
      "firstName": "Jonathan",
      "lastName": "Rodriguez",
      "age": null,
      "soldProducts": {
        "count": 2,
        "products": [
          {
            "name": "Allopurinol",
            "price": 336.81
          },
          {
            "name": "AMARANTHUS PALMERI POLLEN",
            "price": 623.16
          }
        ]
      }
    },
    {
      "firstName": "Fred",
      "lastName": "Barnes",
      "age": null,
      "soldProducts": {
        "count": 2,
        "products": [
          {
            "name": "Pollens - Trees, Birch Mix",
            "price": 1153.54
          },
          {
            "name": "kirkland signature minoxidil",
            "price": 49.17
          }
        ]
      }
    },
    {
      "firstName": "Betty",
      "lastName": "Lawson",
      "age": 38,
      "soldProducts": {
        "count": 1,
        "products": [
          {
            "name": "CARBIDOPA AND LEVODOPA",
            "price": 441.64
          }
        ]
      }
    },
    {
      "firstName": "Anna",
      "lastName": "Parker",
      "age": 56,
      "soldProducts": {
        "count": 3,
        "products": [
          {
            "name": "PAMO Kill Natural",
            "price": 1181.06
          },
          {
            "name": "Pioglitazone",
            "price": 306.56
          },
          {
            "name": "Etoposide",
            "price": 1483.96
          }
        ]
      }
    },
    {
      "firstName": "Jacqueline",
      "lastName": "Perez",
      "age": 25,
      "soldProducts": {
        "count": 1,
        "products": [
          {
            "name": "Nevirapine",
            "price": 1374.72
          }
        ]
      }
    },
    {
      "firstName": "Thomas",
      "lastName": "Snyder",
      "age": 40,
      "soldProducts": {
        "count": 1,
        "products": [
          {
            "name": "Amitriptyline Hydrochloride",
            "price": 1453.96
          }
        ]
      }
    },
    {
      "firstName": "Jeremy",
      "lastName": "Woods",
      "age": 20,
      "soldProducts": {
        "count": 2,
        "products": [
          {
            "name": "ANXIETY/STRESS RELIEF",
            "price": 324.66
          },
          {
            "name": "Glycopyrrolate",
            "price": 1471.43
          }
        ]
      }
    },
    {
      "firstName": "Wanda",
      "lastName": "Harris",
      "age": 26,
      "soldProducts": {
        "count": 2,
        "products": [
          {
            "name": "MOIST MOISTURE SKIN TONER",
            "price": 152.43
          },
          {
            "name": "Dover Aminophen",
            "price": 192.07
          }
        ]
      }
    },
    {
      "firstName": "Nicole",
      "lastName": "Harris",
      "age": 43,
      "soldProducts": {
        "count": 4,
        "products": [
          {
            "name": "ziprasidone hydrochloride",
            "price": 628.66
          },
          {
            "name": "No7 Protect and Perfect Foundation Sunscreen Broad Spectrum SPF 15 Cool Ivory",
            "price": 616.19
          },
          {
            "name": "MEDI-FIRST Non-Aspirin",
            "price": 1301.28
          },
          {
            "name": "LV-FX",
            "price": 820.87
          }
        ]
      }
    },
    {
      "firstName": null,
      "lastName": "Harrison",
      "age": 18,
      "soldProducts": {
        "count": 3,
        "products": [
          {
            "name": "Nighttime Sleep Aid",
            "price": 1217.11
          },
          {
            "name": "Acid Reducer",
            "price": 1443.51
          },
          {
            "name": "Metaxalone",
            "price": 79.94
          }
        ]
      }
    },
    {
      "firstName": "Jeremy",
      "lastName": "Woods",
      "age": 20,
      "soldProducts": {
        "count": 2,
        "products": [
          {
            "name": "ANXIETY/STRESS RELIEF",
            "price": 324.66
          },
          {
            "name": "Glycopyrrolate",
            "price": 1471.43
          }
        ]
      }
    },
    {
      "firstName": null,
      "lastName": "Cunningham",
      "age": null,
      "soldProducts": {
        "count": 1,
        "products": [
          {
            "name": "Imipramine Hydrochloride",
            "price": 648.69
          }
        ]
      }
    },
    {
      "firstName": "Billy",
      "lastName": "Parker",
      "age": 68,
      "soldProducts": {
        "count": 3,
        "products": [
          {
            "name": "VITALUMIERE AQUA",
            "price": 1293.09
          },
          {
            "name": "up and up temporary minor arthritis pain relief",
            "price": 1085.78
          },
          {
            "name": "Spironolactone",
            "price": 933.69
          }
        ]
      }
    },
    {
      "firstName": "Gary",
      "lastName": "Stevens",
      "age": null,
      "soldProducts": {
        "count": 3,
        "products": [
          {
            "name": "PCA SKIN ACNE",
            "price": 1356.22
          },
          {
            "name": "Peter Island Continous sunscreen kids",
            "price": 471.30
          },
          {
            "name": "equaline",
            "price": 520.45
          }
        ]
      }
    },
    {
      "firstName": "Clarence",
      "lastName": "Fowler",
      "age": 50,
      "soldProducts": {
        "count": 2,
        "products": [
          {
            "name": "Ketorolac Tromethamine",
            "price": 608.18
          },
          {
            "name": "Smooth texture Orange flavor",
            "price": 976.65
          }
        ]
      }
    },
    {
      "firstName": "Gloria",
      "lastName": "Alexander",
      "age": 61,
      "soldProducts": {
        "count": 2,
        "products": [
          {
            "name": "Care One Hemorrhoidal",
            "price": 932.18
          },
          {
            "name": "ISOPROPYL ALCOHOL",
            "price": 339.48
          }
        ]
      }
    },
    {
      "firstName": "Billy",
      "lastName": "Parker",
      "age": 68,
      "soldProducts": {
        "count": 3,
        "products": [
          {
            "name": "VITALUMIERE AQUA",
            "price": 1293.09
          },
          {
            "name": "up and up temporary minor arthritis pain relief",
            "price": 1085.78
          },
          {
            "name": "Spironolactone",
            "price": 933.69
          }
        ]
      }
    },
    {
      "firstName": "Nicole",
      "lastName": "Martinez",
      "age": 28,
      "soldProducts": {
        "count": 2,
        "products": [
          {
            "name": "Extra Strength Pain Reliever PM",
            "price": 542.72
          },
          {
            "name": "PLANTAGO LANCEOLATA POLLEN",
            "price": 561.68
          }
        ]
      }
    },
    {
      "firstName": null,
      "lastName": "Schmidt",
      "age": 70,
      "soldProducts": {
        "count": 2,
        "products": [
          {
            "name": "Ranitidine",
            "price": 926.64
          },
          {
            "name": "Shopko Lip Treatment",
            "price": 861.42
          }
        ]
      }
    },
    {
      "firstName": "Doris",
      "lastName": "Cook",
      "age": 61,
      "soldProducts": {
        "count": 1,
        "products": [
          {
            "name": "REYATAZ",
            "price": 41.97
          }
        ]
      }
    },
    {
      "firstName": "Clarence",
      "lastName": "Fowler",
      "age": 50,
      "soldProducts": {
        "count": 2,
        "products": [
          {
            "name": "Ketorolac Tromethamine",
            "price": 608.18
          },
          {
            "name": "Smooth texture Orange flavor",
            "price": 976.65
          }
        ]
      }
    },
    {
      "firstName": "Gary",
      "lastName": "Stevens",
      "age": null,
      "soldProducts": {
        "count": 3,
        "products": [
          {
            "name": "PCA SKIN ACNE",
            "price": 1356.22
          },
          {
            "name": "Peter Island Continous sunscreen kids",
            "price": 471.30
          },
          {
            "name": "equaline",
            "price": 520.45
          }
        ]
      }
    },
    {
      "firstName": "Nicole",
      "lastName": "Harris",
      "age": 43,
      "soldProducts": {
        "count": 4,
        "products": [
          {
            "name": "ziprasidone hydrochloride",
            "price": 628.66
          },
          {
            "name": "No7 Protect and Perfect Foundation Sunscreen Broad Spectrum SPF 15 Cool Ivory",
            "price": 616.19
          },
          {
            "name": "MEDI-FIRST Non-Aspirin",
            "price": 1301.28
          },
          {
            "name": "LV-FX",
            "price": 820.87
          }
        ]
      }
    },
    {
      "firstName": "Sandra",
      "lastName": "Riley",
      "age": 74,
      "soldProducts": {
        "count": 1,
        "products": [
          {
            "name": "Warfarin Sodium",
            "price": 1379.79
          }
        ]
      }
    },
    {
      "firstName": null,
      "lastName": "Lawson",
      "age": 19,
      "soldProducts": {
        "count": 1,
        "products": [
          {
            "name": "CVS Therapeutic Menthol Pain Reliever",
            "price": 1033.42
          }
        ]
      }
    },
    {
      "firstName": null,
      "lastName": "Schmidt",
      "age": 70,
      "soldProducts": {
        "count": 2,
        "products": [
          {
            "name": "Ranitidine",
            "price": 926.64
          },
          {
            "name": "Shopko Lip Treatment",
            "price": 861.42
          }
        ]
      }
    },
    {
      "firstName": "Ann",
      "lastName": "Stevens",
      "age": null,
      "soldProducts": {
        "count": 1,
        "products": [
          {
            "name": "EMEND",
            "price": 1365.51
          }
        ]
      }
    },
    {
      "firstName": "Jennifer",
      "lastName": "Riley",
      "age": null,
      "soldProducts": {
        "count": 2,
        "products": [
          {
            "name": "Trihexyphenidyl Hydrochloride",
            "price": 64.88
          },
          {
            "name": "Glipizide and Metformin Hydrochloride",
            "price": 953.60
          }
        ]
      }
    },
    {
      "firstName": "Fred",
      "lastName": "Barnes",
      "age": null,
      "soldProducts": {
        "count": 2,
        "products": [
          {
            "name": "Pollens - Trees, Birch Mix",
            "price": 1153.54
          },
          {
            "name": "kirkland signature minoxidil",
            "price": 49.17
          }
        ]
      }
    },
    {
      "firstName": null,
      "lastName": "Thompson",
      "age": 46,
      "soldProducts": {
        "count": 3,
        "products": [
          {
            "name": "IOPE SUPER VITAL",
            "price": 824.68
          },
          {
            "name": "CLARINS Ever Matte SPF 15 - 105 Nude",
            "price": 696.06
          },
          {
            "name": "Topical 60 Sec Sodium Fluoride",
            "price": 1228.84
          }
        ]
      }
    },
    {
      "firstName": "Billy",
      "lastName": "Parker",
      "age": 68,
      "soldProducts": {
        "count": 3,
        "products": [
          {
            "name": "VITALUMIERE AQUA",
            "price": 1293.09
          },
          {
            "name": "up and up temporary minor arthritis pain relief",
            "price": 1085.78
          },
          {
            "name": "Spironolactone",
            "price": 933.69
          }
        ]
      }
    },
    {
      "firstName": "Christine",
      "lastName": "Gomez",
      "age": 28,
      "soldProducts": {
        "count": 1,
        "products": [
          {
            "name": "Finasteride",
            "price": 1374.01
          }
        ]
      }
    },
    {
      "firstName": null,
      "lastName": "Peterson",
      "age": 72,
      "soldProducts": {
        "count": 1,
        "products": [
          {
            "name": "MEDICATED DANDRUFF",
            "price": 1351.02
          }
        ]
      }
    },
    {
      "firstName": null,
      "lastName": "Bennett",
      "age": null,
      "soldProducts": {
        "count": 2,
        "products": [
          {
            "name": "Glyburide",
            "price": 95.10
          },
          {
            "name": "PRIMAXIN",
            "price": 686.66
          }
        ]
      }
    },
    {
      "firstName": "Rachel",
      "lastName": "Johnson",
      "age": 24,
      "soldProducts": {
        "count": 2,
        "products": [
          {
            "name": "ENBREL",
            "price": 673.97
          },
          {
            "name": "NEO-POLY-BAC HYDRO",
            "price": 967.32
          }
        ]
      }
    },
    {
      "firstName": "Arthur",
      "lastName": "Reynolds",
      "age": 32,
      "soldProducts": {
        "count": 1,
        "products": [
          {
            "name": "Head and Shoulders Conditioner",
            "price": 1099.59
          }
        ]
      }
    },
    {
      "firstName": null,
      "lastName": "Thompson",
      "age": 46,
      "soldProducts": {
        "count": 3,
        "products": [
          {
            "name": "IOPE SUPER VITAL",
            "price": 824.68
          },
          {
            "name": "CLARINS Ever Matte SPF 15 - 105 Nude",
            "price": 696.06
          },
          {
            "name": "Topical 60 Sec Sodium Fluoride",
            "price": 1228.84
          }
        ]
      }
    },
    {
      "firstName": "Gary",
      "lastName": "Stevens",
      "age": null,
      "soldProducts": {
        "count": 3,
        "products": [
          {
            "name": "PCA SKIN ACNE",
            "price": 1356.22
          },
          {
            "name": "Peter Island Continous sunscreen kids",
            "price": 471.30
          },
          {
            "name": "equaline",
            "price": 520.45
          }
        ]
      }
    },
    {
      "firstName": null,
      "lastName": "Bennett",
      "age": null,
      "soldProducts": {
        "count": 2,
        "products": [
          {
            "name": "Glyburide",
            "price": 95.10
          },
          {
            "name": "PRIMAXIN",
            "price": 686.66
          }
        ]
      }
    },
    {
      "firstName": "Marie",
      "lastName": "Williamson",
      "age": null,
      "soldProducts": {
        "count": 2,
        "products": [
          {
            "name": "Leflunomide",
            "price": 312.85
          },
          {
            "name": "Glipizide",
            "price": 621.78
          }
        ]
      }
    },
    {
      "firstName": "Patricia",
      "lastName": "Cooper",
      "age": 72,
      "soldProducts": {
        "count": 1,
        "products": [
          {
            "name": "Topex",
            "price": 1258.49
          }
        ]
      }
    },
    {
      "firstName": "Nicole",
      "lastName": "Harris",
      "age": 43,
      "soldProducts": {
        "count": 4,
        "products": [
          {
            "name": "ziprasidone hydrochloride",
            "price": 628.66
          },
          {
            "name": "No7 Protect and Perfect Foundation Sunscreen Broad Spectrum SPF 15 Cool Ivory",
            "price": 616.19
          },
          {
            "name": "MEDI-FIRST Non-Aspirin",
            "price": 1301.28
          },
          {
            "name": "LV-FX",
            "price": 820.87
          }
        ]
      }
    },
    {
      "firstName": "Kathy",
      "lastName": "Gilbert",
      "age": 51,
      "soldProducts": {
        "count": 3,
        "products": [
          {
            "name": "Aspen",
            "price": 1046.46
          },
          {
            "name": "Budpak Hemorrhoid Anesthetic",
            "price": 1499.29
          },
          {
            "name": "Dawn Ultra Antibacterial Hand",
            "price": 969.86
          }
        ]
      }
    },
    {
      "firstName": "Sarah",
      "lastName": "Day",
      "age": 33,
      "soldProducts": {
        "count": 2,
        "products": [
          {
            "name": "Fair Foundation SPF 15",
            "price": 1394.24
          },
          {
            "name": "Metformin Hydrochloride",
            "price": 953.99
          }
        ]
      }
    },
    {
      "firstName": "Jean",
      "lastName": "Henry",
      "age": null,
      "soldProducts": {
        "count": 1,
        "products": [
          {
            "name": "LANEIGE MYSTIC VEIL FOUNDATION",
            "price": 20.86
          }
        ]
      }
    },
    {
      "firstName": "Anna",
      "lastName": "Parker",
      "age": 56,
      "soldProducts": {
        "count": 3,
        "products": [
          {
            "name": "PAMO Kill Natural",
            "price": 1181.06
          },
          {
            "name": "Pioglitazone",
            "price": 306.56
          },
          {
            "name": "Etoposide",
            "price": 1483.96
          }
        ]
      }
    },
    {
      "firstName": "Kathy",
      "lastName": "Gilbert",
      "age": 51,
      "soldProducts": {
        "count": 3,
        "products": [
          {
            "name": "Aspen",
            "price": 1046.46
          },
          {
            "name": "Budpak Hemorrhoid Anesthetic",
            "price": 1499.29
          },
          {
            "name": "Dawn Ultra Antibacterial Hand",
            "price": 969.86
          }
        ]
      }
    },
    {
      "firstName": "Marie",
      "lastName": "Williamson",
      "age": null,
      "soldProducts": {
        "count": 2,
        "products": [
          {
            "name": "Leflunomide",
            "price": 312.85
          },
          {
            "name": "Glipizide",
            "price": 621.78
          }
        ]
      }
    },
    {
      "firstName": "Patricia",
      "lastName": "Fuller",
      "age": 36,
      "soldProducts": {
        "count": 1,
        "products": [
          {
            "name": "Yellow Jacket hymenoptera venom Venomil Diagnostic",
            "price": 23.58
          }
        ]
      }
    },
    {
      "firstName": "Nicole",
      "lastName": "Harris",
      "age": 43,
      "soldProducts": {
        "count": 4,
        "products": [
          {
            "name": "ziprasidone hydrochloride",
            "price": 628.66
          },
          {
            "name": "No7 Protect and Perfect Foundation Sunscreen Broad Spectrum SPF 15 Cool Ivory",
            "price": 616.19
          },
          {
            "name": "MEDI-FIRST Non-Aspirin",
            "price": 1301.28
          },
          {
            "name": "LV-FX",
            "price": 820.87
          }
        ]
      }
    },
    {
      "firstName": null,
      "lastName": "Harrison",
      "age": 18,
      "soldProducts": {
        "count": 3,
        "products": [
          {
            "name": "Nighttime Sleep Aid",
            "price": 1217.11
          },
          {
            "name": "Acid Reducer",
            "price": 1443.51
          },
          {
            "name": "Metaxalone",
            "price": 79.94
          }
        ]
      }
    },
    {
      "firstName": "Amanda",
      "lastName": "Frazier",
      "age": null,
      "soldProducts": {
        "count": 1,
        "products": [
          {
            "name": "Ampicillin",
            "price": 674.63
          }
        ]
      }
    },
    {
      "firstName": "Jonathan",
      "lastName": "Rodriguez",
      "age": null,
      "soldProducts": {
        "count": 2,
        "products": [
          {
            "name": "Allopurinol",
            "price": 336.81
          },
          {
            "name": "AMARANTHUS PALMERI POLLEN",
            "price": 623.16
          }
        ]
      }
    }
  ]
}